{
  "accuracy": [
    0.7899159789085388,
    0.8483193516731262,
    0.8705882430076599,
    0.8718487620353699,
    0.8880252242088318,
    0.8880252242088318,
    0.896218478679657,
    0.8947479128837585,
    0.9090335965156555,
    0.9052520990371704,
    0.9052520990371704,
    0.909453809261322,
    0.9147058725357056,
    0.9182773232460022,
    0.9140756130218506,
    0.8535714149475098,
    0.8804621696472168,
    0.8876050710678101,
    0.8966386318206787,
    0.9084033370018005,
    0.9086134433746338,
    0.9191176295280457,
    0.922478973865509,
    0.9268907308578491,
    0.9212185144424438,
    0.929411768913269,
    0.9329832196235657,
    0.930672287940979,
    0.938655436038971,
    0.9407563209533691,
    0.9457983374595642,
    0.9382352828979492,
    0.9470587968826294,
    0.9521008133888245,
    0.9523109197616577
  ],
  "loss": [
    0.636437177658081,
    0.4205656945705414,
    0.3576042652130127,
    0.342815101146698,
    0.30938854813575745,
    0.28976789116859436,
    0.2832714319229126,
    0.27686208486557007,
    0.24337342381477356,
    0.2358330488204956,
    0.24535439908504486,
    0.23292677104473114,
    0.2294911891222,
    0.2171725183725357,
    0.22426478564739227,
    0.3954720199108124,
    0.3328455984592438,
    0.2999843955039978,
    0.2715492844581604,
    0.23787178099155426,
    0.24283954501152039,
    0.22669357061386108,
    0.2075151950120926,
    0.19684156775474548,
    0.20683321356773376,
    0.1802213191986084,
    0.17473304271697998,
    0.18496666848659515,
    0.16865187883377075,
    0.16038279235363007,
    0.14810752868652344,
    0.15902169048786163,
    0.14282459020614624,
    0.12585099041461945,
    0.12812212109565735
  ],
  "val_accuracy": [
    0.8702380657196045,
    0.8738095164299011,
    0.8821428418159485,
    0.898809552192688,
    0.9107142686843872,
    0.898809552192688,
    0.901190459728241,
    0.9119047522544861,
    0.9166666865348816,
    0.9107142686843872,
    0.9202380776405334,
    0.9309523701667786,
    0.9047619104385376,
    0.9273809790611267,
    0.9202380776405334,
    0.8797619342803955,
    0.8773809671401978,
    0.8976190686225891,
    0.8999999761581421,
    0.9107142686843872,
    0.9190475940704346,
    0.9154762029647827,
    0.9154762029647827,
    0.9309523701667786,
    0.9333333373069763,
    0.9309523701667786,
    0.9321428537368774,
    0.9309523701667786,
    0.9404761791229248,
    0.9404761791229248,
    0.9333333373069763,
    0.9392856955528259,
    0.9392856955528259,
    0.9297618865966797,
    0.9297618865966797
  ],
  "val_loss": [
    0.35590606927871704,
    0.31037086248397827,
    0.2989942133426666,
    0.2747975289821625,
    0.23369643092155457,
    0.24433009326457977,
    0.2578030228614807,
    0.2471853643655777,
    0.20091602206230164,
    0.231840118765831,
    0.2152891457080841,
    0.2007637619972229,
    0.21992360055446625,
    0.199122354388237,
    0.20785607397556305,
    0.31030651926994324,
    0.3491881191730499,
    0.28687289357185364,
    0.2966916859149933,
    0.259108304977417,
    0.2463456094264984,
    0.24751438200473785,
    0.22175189852714539,
    0.20420540869235992,
    0.22599317133426666,
    0.19339574873447418,
    0.19948434829711914,
    0.19405730068683624,
    0.16104091703891754,
    0.16433200240135193,
    0.18721874058246613,
    0.1721188873052597,
    0.16762951016426086,
    0.1594582200050354,
    0.1838529109954834
  ],
  "learning_rate": [
    0.0010000000474974513,
    0.0010000000474974513,
    0.0010000000474974513,
    0.0010000000474974513,
    0.0010000000474974513,
    0.0010000000474974513,
    0.0010000000474974513,
    0.0010000000474974513,
    0.0005000000237487257,
    0.0005000000237487257,
    0.0005000000237487257,
    0.0005000000237487257,
    0.0005000000237487257,
    0.0005000000237487257,
    0.0005000000237487257,
    9.999999747378752e-06,
    9.999999747378752e-06,
    9.999999747378752e-06,
    9.999999747378752e-06,
    9.999999747378752e-06,
    9.999999747378752e-06,
    9.999999747378752e-06,
    9.999999747378752e-06,
    9.999999747378752e-06,
    9.999999747378752e-06,
    9.999999747378752e-06,
    9.999999747378752e-06,
    9.999999747378752e-06,
    9.999999747378752e-06,
    9.999999747378752e-06,
    9.999999747378752e-06,
    9.999999747378752e-06,
    4.999999873689376e-06,
    4.999999873689376e-06,
    4.999999873689376e-06
  ]
}